timestamp_us,adc,lo_status
68513927,13536,0
68523928,12752,0
68533928,13312,0
68543928,12896,0
68553928,13440,0
68563927,12768,0
68573928,13296,0
68583928,12848,0
68593927,13360,0
68603928,12768,0
68613928,13424,0
68623927,12720,0
68633927,25664,0
68643928,25664,0
68653928,24000,0
68663928,10640,0
68673928,13488,0
68683927,12832,0
68693927,13744,0
68703928,12240,0
68713928,13952,0
68723927,12112,0
68733928,13968,0
68743927,12032,0
68753928,14000,0
68763928,12048,0
68773928,14112,0
68783928,11888,0
68793928,14480,0
68803927,11632,0
68813927,25664,0
68823928,22816,0
68833927,12176,0
68843928,11664,0
68853927,14400,0
68863928,11648,0
68873928,14400,0
68883928,11616,0
68893928,14480,0
68903927,11520,0
68913928,14112,0
68923927,11872,0
68933928,14640,0
68943928,11328,0
68953927,14544,0
68963928,11440,0
68973927,14528,0
68983928,0,0
68993927,5568,0
69003928,13568,0
69013927,14400,0
69023927,11312,0
69033928,14576,0
69043927,11472,0
69053927,14496,0
69063928,11488,0
69073927,14448,0
69083928,11552,0
69093928,14624,0
69103928,11344,0
69113928,14320,0
69123927,11728,0
69133928,14224,0
69143928,11808,0
69153928,18896,0
69163927,25664,0
69173928,22800,0
69183928,9536,0
69193928,14400,0
69203928,11936,0
69213928,14272,0
69223927,11728,0
69233927,14208,0
69243928,11840,0
69253927,14144,0
69263928,11856,0
69273927,14096,0
69283927,11952,0
69293927,14096,0
69303928,11952,0
69313928,14320,0
69323927,11696,0
69333928,17328,0
69343927,24480,0
69353928,11200,0
69363927,12064,0
69373928,14160,0
69383928,11904,0
69393928,14048,0
69403928,11968,0
69413927,13984,0
69423927,12080,0
69433927,13744,0
69443928,12320,0
69453927,13680,0
69463927,12384,0
69473928,13696,0
69483928,12432,0
69493928,13712,0
69503928,12352,0
69513927,16160,0
69523928,25536,0
69533927,12544,0
69543928,11488,0
69553927,14512,0
69563928,11776,0
69573927,14176,0
69583928,11888,0
69593928,14144,0
69603928,11904,0
69613927,14336,0
69623928,11696,0
69633927,14432,0
69643927,11568,0
69653927,14272,0
69663928,11776,0
69673928,14272,0
69683928,11760,0
69693928,17152,0
69703928,25584,0
69713928,14000,0
69723928,10752,0
69733927,14608,0
69743927,11776,0
69753927,14288,0
69763927,11760,0
69773928,14544,0
69783927,11408,0
69793927,14416,0
69803928,11648,0
69813927,14368,0
69823927,11680,0
69833928,14320,0
69843927,11696,0
69853927,14352,0
69863928,11664,0
69873928,23424,0
69883927,24896,0
69893927,12640,0
69903928,11280,0
69913928,14336,0
69923927,11904,0
69933928,14128,0
69943928,11952,0
69953928,14112,0
69963928,11952,0
69973927,13984,0
69983928,12096,0
69993927,13984,0
70003928,12048,0
70013927,14096,0
70023928,11952,0
70033927,14208,0
70043927,11872,0
70053928,25664,0
70063928,25408,0
70073927,12832,0
70083928,11312,0
70093928,14432,0
70103928,11856,0
70113927,14000,0
70123927,12064,0
70133927,14224,0
70143928,11840,0
70153928,14320,0
70163928,11728,0
70173928,14224,0
70183928,11792,0
70193927,14336,0
70203927,11712,0
70213927,14224,0
70223927,16,0
70233928,0,0
70243928,9856,0
70253928,16096,0
70263928,11056,0
70273927,14624,0
70283927,11488,0
70293927,14832,0
70303928,11168,0
70313927,15104,0
70323928,10944,0
70333927,15104,0
70343928,10944,0
70353928,15040,0
70363927,11024,0
70373928,15264,0
70383927,10832,0
70393928,15216,0
70403927,7824,0
70413927,25632,0
70423928,14672,0
70433928,13200,0
70443927,11584,0
70453927,14864,0
70463927,11136,0
70473927,14864,0
70483927,11184,0
70493927,14800,0
70503928,11280,0
70513927,14736,0
70523928,11344,0
70533928,14608,0
70543928,11472,0
70553928,14656,0
70563928,11392,0
70573928,14640,0
70583928,0,0
70593927,5104,0
70603927,13904,0
70613928,14224,0
70623928,11552,0
70633927,14464,0
70643927,11664,0
70653928,14592,0
70663927,11456,0
70673928,14528,0
70683927,11552,0
70693928,14400,0
70703927,11680,0
70713928,14400,0
70723928,11632,0
70733928,14576,0
70743927,11488,0
70753928,24560,0
70763928,23584,0
70773927,12352,0
70783927,11520,0
70793928,14544,0
70803928,11712,0
70813927,14480,0
70823927,11632,0
70833928,14784,0
70843928,11264,0
70853927,14528,0
70863928,11536,0
70873927,14288,0
70883928,11856,0
70893928,14544,0
70903927,11600,0
70913927,14192,0
70923927,11872,0
70933928,25664,0
70943927,23600,0
70953928,12032,0
70963928,11872,0
70973927,14320,0
70983927,11904,0
70993928,14176,0
71003927,11920,0
71013928,14320,0
71023928,11760,0
71033928,14496,0
71043927,11584,0
71053927,15056,0
71063927,11152,0
71073928,14592,0
71083928,11568,0
71093927,14336,0
71103928,0,0
71113928,0,0
71123928,0,0
71133927,14320,0
71143927,12784,0
71153928,13824,0
71163928,11984,0
71173928,14176,0
71183928,11920,0
71193927,14208,0
71203928,11920,0
71213927,14112,0
71223927,12000,0
71233928,14160,0
71243927,11968,0
71253928,14272,0
71263928,11856,0
71273927,14256,0
71283927,10960,0
71293927,25664,0
71303928,23728,0
71313927,12256,0
71323927,11648,0
71333928,14368,0
71343928,11888,0
71353928,14240,0
71363928,11856,0
71373927,14016,0
71383928,12128,0
71393928,14016,0
71403928,12128,0
71413928,14016,0
71423927,12160,0
71433928,14016,0
71443927,12112,0
71453928,13888,0
71463927,0,0
71473928,0,0
71483927,25648,0
71493927,0,0
71503928,25648,0
71513928,512,0
71523927,25648,0
71533927,432,0
71543928,25664,0
71553927,3936,0
71563928,25664,0
71573927,0,0
71583928,25632,0
71593927,0,0
71603927,25632,0
71613927,0,0
71623928,25376,0
71633928,0,0
71643928,22208,0
71653928,0,0
71663928,23888,0
71673927,0,0
71683927,14032,0
71693928,0,0
71703928,19488,0
71713928,0,0
71723928,11168,0
71733928,0,0
71743927,0,0
71753928,0,0
71763927,0,0
71773928,0,0
71783928,0,0
71793928,0,0
71803927,0,0
71813927,0,0
71823928,0,0
71833928,0,0
71843928,7952,0
71853928,15152,0
71863928,12448,0
71873928,13312,0
71883928,12832,0
71893928,13280,0
71903927,12832,0
71913927,13344,0
71923928,12768,0
71933928,13280,0
71943927,12880,0
71953928,13328,0
71963928,12832,0
71973928,13296,0
71983928,0,0
71993927,0,0
72003928,0,0
72013927,0,0
72023927,0,0
72033928,0,0
72043928,0,0
72053927,0,0
72063928,0,0
72073928,0,0
72083928,0,0
72093928,0,0
72103927,0,0
72113928,0,0
72123928,0,0
72133928,0,0
72143928,0,0
72153928,0,0
72163927,0,0
72173928,0,0
72183928,0,0
72193928,0,0
72203928,0,0
72213928,0,0
72223928,0,0
72233927,0,0
72243927,0,0
72253927,0,0
72263928,0,0
72273928,0,0
72283928,0,0
72293927,0,0
72303928,0,0
72313928,0,0
72323928,0,0
72333927,0,0
72343928,0,0
72353927,0,0
72363928,0,0
72373927,0,0
72383928,3888,0
72393928,2288,0
72403928,8688,0
72413927,4368,0
72423928,11168,0
72433928,6496,0
72443928,13072,0
72453927,8032,0
72463928,14256,0
72473928,9904,0
72483928,16784,0
72493928,12400,0
72503928,18752,0
72513928,14576,0
72523928,21552,0
72533928,15984,0
72543928,23184,0
72553928,17264,0
72563927,23168,0
72573928,17968,0
72583928,23488,0
72593927,18176,0
72603927,24064,0
72613928,19952,0
72623927,24960,0
72633927,20640,0
72643928,24592,0
72653928,21360,0
72663928,25136,0
72673927,21856,0
72683928,25360,0
72693928,22768,0
72703928,25536,0
72713928,24848,0
72723928,25568,0
72733928,25264,0
72743928,25552,0
72753927,24432,0
72763927,25520,0
72773928,25600,0
72783928,25632,0
72793927,25632,0
72803927,25616,0
72813927,25568,0
72823928,25584,0
72833928,25568,0
72843928,25584,0
72853928,25568,0
72863927,25584,0
72873927,25488,0
72883927,25552,0
72893928,25184,0
72903928,25536,0
72913928,24720,0
72923928,25568,0
72933928,25312,0
72943928,25520,0
72953928,24736,0
72963928,25552,0
72973927,25280,0
72983927,25552,0
72993928,25216,0
73003928,25552,0
73013928,25408,0
73023928,25552,0
73033928,24736,0
73043928,25360,0
73053927,22224,0
73063927,24720,0
73073928,21712,0
73083927,25024,0
73093928,21776,0
73103927,24720,0
73113927,21440,0
73123927,24608,0
73133927,21008,0
73143927,24592,0
73153927,21008,0
73163928,24352,0
73173928,20592,0
73183928,24192,0
73193927,20400,0
73203928,23760,0
73213927,20192,0
73223928,24000,0
73233928,19952,0
73243927,23728,0
73253927,19504,0
73263928,23440,0
73273927,19536,0
73283928,22912,0
73293927,18448,0
73303928,22512,0
73313927,18656,0
73323928,22784,0
73333927,18768,0
73343927,23232,0
73353927,19408,0
73363928,23536,0
73373927,19760,0
73383927,23824,0
73393928,18832,0
73403927,22256,0
73413927,18304,0
73423927,22752,0
73433928,17984,0
73443928,22272,0
73453928,16704,0
73463928,19856,0
73473928,18080,0
73483927,24848,0
73493927,19600,0
73503928,20048,0
73513928,13584,0
73523927,18832,0
73533928,15104,0
73543928,19616,0
73553928,15840,0
73563928,20288,0
73573928,15088,0
73583927,19456,0
73593927,14816,0
73603928,19392,0
73613927,14944,0
73623927,18944,0
73633927,14608,0
73643927,19024,0
73653927,14256,0
73663927,18704,0
73673927,14144,0
73683927,18304,0
73693928,13856,0
73703927,17808,0
73713928,13312,0
73723928,17328,0
73733927,12896,0
73743927,16704,0
73753928,12800,0
73763927,16512,0
73773928,12128,0
73783928,15888,0
73793927,12288,0
73803928,15936,0
73813928,11904,0
73823928,16048,0
73833928,12208,0
73843927,15936,0
73853928,11936,0
73863927,16016,0
73873928,12048,0
73883928,15616,0
73893928,11520,0
73903927,15424,0
73913928,11568,0
73923928,15888,0
73933928,11776,0
73943928,15424,0
73953928,11344,0
73963928,15200,0
73973927,11424,0
73983928,14704,0
73993927,11632,0
74003928,15008,0
74013928,10960,0
74023927,15168,0
74033928,11456,0
74043927,15184,0
74053928,11552,0
74063928,15168,0
74073927,11712,0
74083928,14560,0
74093928,11136,0
74103928,14976,0
74113928,10992,0
74123927,14368,0
74133928,10784,0
74143928,14208,0
74153928,11056,0
74163928,14400,0
74173927,10032,0
74183928,13936,0
74193928,15680,0
74203927,17904,0
74213927,12704,0
74223928,12592,0
74233928,8832,0
74243928,14320,0
74253928,10208,0
74263928,13600,0
74273927,10432,0
74283928,13664,0
74293927,10784,0
74303927,13616,0
74313927,10336,0
74323928,13232,0
74333928,10144,0
74343928,13344,0
74353928,10400,0
74363928,13632,0
74373928,10704,0
74383927,14064,0
74393928,10912,0
74403928,14048,0
74413927,10640,0
74423928,13792,0
74433927,10944,0
74443928,13680,0
74453928,10768,0
74463927,14176,0
74473927,10912,0
74483927,14176,0
74493927,10704,0
74503927,13664,0
74513928,10912,0
74523927,13872,0
74533928,10912,0
74543928,13664,0
74553928,10160,0
74563927,13376,0
74573928,11312,0
74583927,14736,0
74593928,11264,0
74603927,13728,0
74613927,9968,0
74623927,12528,0
74633927,9760,0
74643928,12528,0
74653928,9984,0
74663927,13120,0
74673928,10448,0
74683928,12592,0
74693928,10240,0
74703927,12576,0
74713928,10560,0
74723927,13424,0
74733928,10960,0
74743928,13728,0
74753927,10736,0
74763928,13648,0
74773928,11056,0
74783928,13520,0
74793928,11744,0
74803928,13520,0
74813928,11664,0
74823928,13552,0
74833927,10544,0
74843928,11648,0
74853928,9952,0
74863928,17648,0
74873928,13776,0
74883928,15120,0
74893927,8928,0
74903928,10272,0
74913928,9328,0
74923927,12144,0
74933927,10384,0
74943928,12640,0
74953927,10800,0
74963927,12432,0
74973928,10240,0
74983927,12512,0
74993928,10832,0
75003927,13104,0
75013927,11392,0
75023927,13168,0
75033928,11104,0
75043927,13024,0
75053928,11504,0
75063928,13712,0
75073927,11808,0
75083928,13904,0
75093928,12304,0
75103928,14048,0
75113928,12272,0
75123928,13680,0
75133928,11840,0
75143928,13200,0
75153928,11536,0
75163928,13104,0
75173928,11008,0
75183928,12096,0
75193927,10848,0
75203928,12976,0
75213927,11376,0
75223928,13568,0
75233927,11728,0
75243928,12864,0
75253928,11104,0
75263927,12976,0
75273927,11952,0
75283928,13824,0
75293928,12320,0
75303928,13824,0
75313927,12080,0
75323928,13888,0
75333928,12160,0
75343927,13920,0
75353927,12304,0
75363927,14144,0
75373927,13168,0
75383928,15520,0
75393928,14832,0
75403927,15952,0
75413927,14112,0
75423928,15456,0
75433928,13744,0
75443928,14576,0
75453927,13264,0
75463928,14448,0
75473927,13344,0
75483928,14528,0
75493928,12240,0
75503928,13184,0
75513928,16144,0
75523928,18704,0
75533928,15744,0
75543927,14432,0
75553927,10832,0
75563927,13664,0
75573928,13088,0
75583928,14688,0
75593927,12768,0
75603928,13872,0
75613927,12800,0
75623927,14176,0
75633927,13072,0
75643928,14624,0
75653928,13344,0
75663927,14096,0
75673927,12512,0
75683928,13616,0
75693927,12688,0
75703927,13424,0
75713927,12896,0
75723927,13904,0
75733928,13104,0
75743927,14224,0
75753927,13104,0
75763927,14048,0
75773928,13152,0
75783928,13728,0
75793928,12624,0
75803928,13328,0
75813928,12400,0
75823928,13360,0
75833928,12560,0
75843927,13376,0
75853927,12496,0
75863928,13344,0
75873927,12448,0
75883927,13280,0
75893928,12560,0
75903928,13344,0
75913927,12528,0
75923928,13296,0
75933928,12640,0
75943928,13296,0
75953928,12464,0
75963927,13152,0
75973927,12128,0
75983928,12880,0
75993927,12352,0
76003927,12672,0
76013928,11856,0
76023928,12752,0
76033927,12592,0
76043927,13248,0
76053928,12624,0
76063928,12704,0
76073927,12256,0
76083928,12640,0
76093927,11712,0
76103927,12432,0
76113928,11632,0
76123927,11776,0
76133928,12128,0
76143927,12400,0
76153928,10672,0
76163928,11632,0
76173928,16736,0
76183928,16192,0
76193928,14528,0
76203927,11184,0
76213928,10944,0
76223928,12624,0
76233928,12384,0
76243927,12624,0
76253928,12752,0
76263927,13184,0
76273928,12784,0
76283928,13008,0
76293928,12480,0
76303927,12864,0
76313928,12352,0
76323928,12880,0
76333927,12736,0
76343927,13184,0
76353928,12992,0
76363928,12656,0
76373928,12576,0
76383928,12944,0
76393927,13088,0
76403928,12912,0
76413928,12752,0
76423927,12384,0
76433928,12928,0
76443927,12592,0
76453928,12592,0
76463928,12432,0
76473928,12128,0
76483928,12096,0
76493927,11856,0
76503928,11712,0
76513928,12208,0
76523928,11824,0
76533928,12160,0
76543928,12224,0
76553927,12592,0
76563928,12416,0
76573928,13056,0
76583928,12848,0
76593927,12480,0
76603927,12736,0
76613928,12640,0
76623927,12960,0
76633928,13792,0
76643927,13536,0
76653927,13840,0
76663928,13312,0
76673927,14016,0
76683928,13280,0
76693927,12896,0
76703927,12816,0
76713928,13648,0
76723928,13232,0
76733928,13232,0
76743927,13664,0
76753928,13792,0
76763928,13200,0
76773928,12944,0
76783927,13104,0
76793928,14208,0
76803927,13232,0
76813928,14496,0
76823927,13760,0
76833928,16512,0
76843928,19760,0
76853928,17824,0
76863928,16704,0
76873928,14400,0
76883928,15440,0
76893928,16768,0
76903928,16464,0
76913928,13872,0
76923928,14752,0
76933928,15968,0
76943928,15904,0
76953928,17184,0
76963928,16128,0
76973927,15472,0
76983927,15136,0
76993928,15008,0
77003928,14544,0
77013928,14864,0
77023928,14752,0
77033928,15344,0
77043927,15152,0
77053927,15344,0
77063927,15088,0
77073928,15472,0
77083928,14032,0
77093928,14880,0
77103928,14320,0
77113927,14560,0
77123927,12448,0
77133928,12736,0
77143928,12192,0
77153927,12384,0
77163927,10896,0
77173928,11200,0
77183928,10368,0
77193928,11168,0
77203928,10144,0
77213927,11792,0
77223928,10768,0
77233928,11424,0
77243927,10576,0
77253927,12224,0
77263927,11040,0
77273927,11888,0
77283928,10736,0
77293928,12080,0
77303928,10832,0
77313928,12112,0
77323928,10832,0
77333928,12384,0
77343928,11120,0
77353927,12448,0
77363927,10752,0
77373928,12128,0
77383927,11024,0
77393928,12848,0
77403927,11248,0
77413928,12288,0
77423927,10512,0
77433927,12512,0
77443927,11248,0
77453928,12720,0
77463928,10976,0
77473927,12448,0
77483927,11680,0
77493927,11744,0
77503928,10128,0
77513927,17088,0
77523928,14672,0
77533927,14784,0
77543928,9568,0
77553927,11248,0
77563927,11008,0
77573928,13296,0
77583928,12000,0
77593927,13024,0
77603927,10992,0
77613928,12784,0
77623927,10960,0
77633928,13248,0
77643927,11152,0
77653927,13008,0
77663927,11248,0
77673928,13520,0
77683928,11456,0
77693928,13712,0
77703927,12320,0
77713928,13936,0
77723927,11840,0
77733928,14096,0
77743928,11840,0
77753928,14000,0
77763928,11968,0
77773928,13888,0
77783928,11248,0
77793928,13184,0
77803927,11040,0
77813927,13456,0
77823928,11216,0
77833927,13776,0
77843927,11728,0
77853928,13856,0
77863927,11456,0
77873928,13520,0
77883928,11120,0
77893928,13728,0
77903928,11952,0
77913928,13504,0
77923928,11152,0
77933928,13776,0
77943928,11360,0
77953927,13232,0
77963927,11312,0
77973928,13520,0
77983927,11120,0
77993927,13792,0
78003928,10960,0
78013928,13600,0
78023927,11312,0
78033928,13680,0
78043928,10720,0
78053928,13824,0
78063928,11424,0
78073927,14176,0
78083928,11264,0
78093928,14032,0
78103928,11600,0
78113927,13744,0
78123928,10784,0
78133928,13712,0
78143928,10880,0
78153927,13680,0
78163928,10496,0
78173928,13824,0
78183928,10080,0
78193927,12368,0
78203928,13216,0
78213928,17408,0
78223928,12784,0
78233928,13776,0
78243928,9280,0
78253928,13472,0
78263927,11168,0
78273928,14016,0
78283928,11264,0
78293928,14560,0
78303927,11376,0
78313927,14464,0
78323927,11568,0
78333927,14464,0
78343927,11280,0
78353928,14768,0
78363928,12096,0
78373928,16224,0
78383928,12640,0
78393927,15584,0
78403927,13296,0
78413928,17008,0
78423928,14624,0
78433928,17808,0
78443928,14608,0
78453928,17248,0
78463928,13584,0
78473928,17824,0
78483928,14800,0
78493928,17216,0
78503928,13520,0
78513927,16736,0
78523928,12960,0
78533928,16448,0
78543928,11968,0
78553928,15824,0
78563928,12752,0
78573928,15072,0
78583928,11632,0
78593927,15680,0
78603927,12112,0
78613928,15296,0
78623927,10752,0
78633927,15264,0
78643927,12128,0
78653928,15696,0
78663927,11824,0
78673928,15664,0
78683927,11936,0
78693928,15616,0
78703928,11824,0
78713928,15568,0
78723927,11728,0
78733928,14800,0
78743927,10896,0
78753928,14992,0
78763927,11168,0
78773927,15264,0
78783928,11792,0
78793927,15840,0
78803927,11488,0
78813927,14848,0
78823927,10720,0
78833928,15024,0
78843928,11184,0
78853928,14720,0
78863928,10288,0
78873927,13984,0
78883928,9424,0
78893927,12496,0
78903928,9920,0
78913928,18848,0
78923927,12560,0
78933928,15216,0
78943928,7856,0
78953927,12064,0
78963928,9072,0
78973928,13664,0
78983928,9408,0
78993928,14336,0
79003927,10272,0
79013928,15296,0
79023927,11008,0
79033928,14384,0
79043927,9984,0
79053927,14416,0
79063928,10000,0
79073927,14912,0
79083927,10672,0
79093928,15232,0
79103928,10080,0
79113928,14928,0
79123927,10624,0
79133928,14512,0
79143927,10624,0
79153928,15520,0
79163928,11200,0
79173927,15968,0
79183927,11040,0
79193928,14992,0
79203927,10160,0
79213928,14816,0
79223927,10208,0
79233927,14976,0
79243927,10960,0
79253927,15120,0
79263928,10208,0
79273928,15200,0
79283928,10608,0
79293928,14976,0
79303927,10256,0
79313928,15008,0
79323928,10368,0
79333928,15200,0
79343928,10208,0
79353927,14912,0
79363928,10352,0
79373927,15072,0
79383927,10176,0
79393928,15200,0
79403927,10224,0
79413928,14992,0
79423928,10064,0
79433928,15440,0
79443928,11088,0
79453928,15888,0
79463928,11136,0
79473928,16432,0
79483928,11376,0
79493927,16160,0
79503928,10640,0
79513928,15920,0
79523928,10400,0
79533927,15312,0
79543928,10496,0
79553927,15552,0
79563928,10672,0
79573927,15056,0
79583927,8192,0
79593927,14768,0
79603927,14576,0
79613928,17584,0
79623928,11168,0
79633928,12976,0
79643928,8192,0
79653927,14048,0
79663928,9840,0
79673928,15408,0
79683928,9952,0
79693928,15904,0
79703928,9920,0
79713928,15200,0
79723928,9616,0
79733928,14416,0
79743928,9168,0
79753927,15584,0
79763927,10544,0
79773928,15856,0
79783928,10192,0
79793928,16144,0
79803928,10320,0
79813928,15856,0
79823928,10400,0
79833928,16192,0
79843927,10464,0
79853928,16016,0
79863927,9824,0
79873928,14912,0
79883928,9600,0
79893927,15120,0
79903928,9520,0
79913927,15232,0
79923928,9392,0
79933927,14848,0
79943927,9472,0
79953928,15424,0
79963927,9856,0
79973927,16000,0
79983928,10080,0
79993928,15984,0
80003928,9232,0
80013927,15472,0
80023928,9808,0
80033928,15600,0
80043928,9552,0
80053927,15936,0
80063928,10000,0
80073928,16528,0
80083928,10448,0
80093928,16448,0
80103928,10480,0
80113928,15968,0
80123927,9760,0
80133928,15872,0
80143928,10224,0
80153927,16320,0
80163928,10368,0
80173928,16544,0
80183928,10512,0
80193928,16640,0
80203928,10384,0
80213928,16176,0
80223928,9808,0
80233927,15760,0
80243927,9200,0
80253928,16128,0
80263927,9760,0
80273928,15616,0
80283927,7984,0
80293928,15168,0
80303928,14160,0
80313927,19280,0
80323928,11600,0
80333928,14080,0
80343928,8560,0
80353928,15648,0
80363928,9408,0
80373927,16352,0
80383928,9904,0
80393927,15872,0
80403928,9120,0
80413927,15488,0
80423927,8976,0
80433928,16048,0
80443928,9408,0
80453928,15888,0
80463928,9360,0
80473928,16160,0
80483928,9376,0
80493927,16400,0
80503927,9760,0
80513928,16672,0
80523927,10624,0
80533928,17088,0
80543928,10256,0
80553928,17248,0
80563927,10304,0
80573928,17040,0
80583928,10272,0
80593928,17248,0
80603927,10048,0
80613928,16224,0
80623928,9104,0
80633928,16064,0
80643927,9328,0
80653927,16256,0
80663927,9280,0
80673928,16064,0
80683928,9440,0
80693928,16144,0
80703927,9488,0
80713928,16288,0
80723928,8944,0
80733928,16112,0
80743927,9472,0
80753928,16976,0
80763927,9792,0
80773928,16800,0
80783927,9392,0
80793927,16064,0
80803927,9120,0
80813927,16320,0
80823927,9344,0
80833928,17232,0
80843928,10208,0
80853928,17536,0
80863928,10768,0
80873927,18480,0
80883927,11152,0
80893927,18512,0
80903927,10688,0
80913927,17168,0
80923928,10368,0
80933927,17728,0
80943927,9760,0
80953927,17088,0
80963928,9728,0
80973928,17504,0
80983928,9632,0
80993928,15760,0
81003928,9472,0
81013928,21872,0
81023927,12016,0
81033927,17728,0
81043928,6832,0
81053928,15520,0
81063927,9264,0
81073928,16688,0
81083927,9376,0
81093927,17184,0
81103927,9632,0
81113928,16944,0
81123927,9504,0
81133928,17280,0
81143928,10016,0
81153928,17504,0
81163928,9872,0
81173927,17536,0
81183928,9888,0
81193928,17664,0
81203928,10144,0
81213927,17776,0
81223928,10432,0
81233928,18528,0
81243928,10736,0
81253928,18800,0
81263928,10800,0
81273928,18000,0
81283928,10096,0
81293927,17680,0
81303928,9824,0
81313927,17568,0
81323928,9472,0
81333928,16576,0
81343928,8784,0
81353928,16400,0
81363927,8528,0
81373927,16512,0
81383927,8672,0
81393928,16336,0
81403927,8592,0
81413928,15856,0
81423927,8400,0
81433928,16576,0
81443927,8848,0
81453927,16768,0
81463927,9088,0
81473927,16896,0
81483928,9040,0
81493928,16880,0
81503928,9328,0
81513927,17024,0
81523927,9120,0
81533928,17056,0
81543928,9312,0
81553928,17824,0
81563928,9744,0
81573928,17728,0
81583928,9376,0
81593928,17440,0
81603928,9648,0
81613927,17840,0
81623927,9648,0
81633928,17680,0
81643928,9376,0
81653928,17248,0
81663928,8864,0
81673927,17312,0
81683927,9008,0
81693927,17216,0
81703928,8672,0
81713927,16688,0
81723928,7664,0
81733927,19760,0
81743928,13312,0
81753928,19568,0
81763927,8208,0
81773928,13904,0
81783927,7696,0
81793928,17040,0
81803927,8864,0
81813928,17312,0
81823927,9120,0
81833927,16928,0
81843927,8960,0
81853927,17536,0
81863928,9104,0
81873928,17824,0
81883927,9264,0
81893928,18064,0
81903928,9328,0
81913928,17120,0
81923928,8400,0
81933927,16688,0
81943927,8032,0
81953927,16800,0
81963928,8752,0
81973928,17712,0
81983928,9568,0
81993927,17936,0
82003928,9376,0
82013928,17376,0
82023927,8704,0
82033928,17536,0
82043928,8784,0
82053928,17424,0
82063928,8608,0
82073928,16768,0
82083928,8416,0
82093928,17232,0
82103928,8848,0
82113928,17136,0
82123927,8016,0
82133927,16592,0
82143927,7712,0
82153928,16496,0
82163927,7552,0
82173928,16336,0
82183928,8032,0
82193928,16880,0
82203928,8128,0
82213927,17056,0
82223927,8256,0
82233928,16784,0
82243928,7760,0
82253928,16960,0
82263927,8080,0
82273928,17104,0
82283927,7696,0
82293928,16752,0
82303928,8208,0
82313928,16624,0
82323927,8512,0
82333928,17984,0
82343928,9312,0
82353928,18768,0
82363928,9344,0
82373928,18144,0
82383928,8688,0
82393928,17616,0
82403928,8448,0
82413928,17600,0
82423928,8464,0
82433927,17488,0
82443927,8624,0
82453928,16080,0
82463927,7040,0
82473927,20848,0
82483928,12128,0
82493928,20080,0
82503927,8048,0
82513928,14768,0
82523928,6912,0
82533928,16560,0
82543928,7904,0
82553928,17088,0
82563927,8384,0
82573928,17872,0
82583927,8416,0
82593928,17520,0
82603928,8544,0
82613928,17488,0
82623927,8480,0
82633928,17296,0
82643928,8384,0
82653928,17040,0
82663928,8176,0
82673928,17424,0
82683928,8736,0
82693928,17408,0
82703928,8400,0
82713928,17456,0
82723927,8544,0
82733928,17392,0
82743927,8256,0
82753927,17152,0
82763927,7856,0
82773927,16720,0
82783928,7584,0
82793928,17056,0
82803927,8096,0
82813928,17072,0
82823928,8016,0
82833928,17312,0
82843928,8224,0
82853928,17488,0
82863928,8432,0
82873928,17488,0
82883927,8368,0
82893928,17504,0
82903928,8656,0
82913927,17792,0
82923928,8736,0
82933927,17680,0
82943927,8672,0
82953928,17632,0
82963928,8880,0
82973928,17744,0
82983928,8464,0
82993927,17568,0
83003928,8704,0
83013928,17600,0
83023928,8192,0
83033928,17456,0
83043928,8560,0
83053927,17904,0
83063927,8768,0
83073928,17776,0
83083927,9088,0
83093928,18480,0
83103928,9408,0
83113928,17920,0
83123928,8400,0
83133928,17088,0
83143927,8192,0
83153928,17856,0
83163927,8656,0
83173927,18272,0
83183928,9008,0
83193928,18352,0
83203928,7952,0
83213928,17440,0
83223927,12560,0
83233928,20144,0
83243928,10512,0
83253928,16048,0
83263927,6672,0
83273927,17680,0
83283928,8832,0
83293928,17584,0
83303927,8416,0
83313928,18272,0
83323928,8880,0
83333928,17936,0
83343928,8816,0
83353927,18096,0
83363928,8896,0
83373927,18080,0
83383928,8784,0
83393928,18240,0
83403927,8960,0
83413928,18480,0
83423928,9104,0
83433927,18752,0
83443927,9504,0
83453928,18832,0
83463928,9920,0
83473927,20096,0
83483928,10272,0
83493928,19168,0
83503928,9440,0
83513928,19232,0
83523928,9392,0
83533928,18384,0
83543928,8224,0
83553928,18240,0
83563928,8352,0
83573928,18384,0
83583927,8512,0
83593927,17808,0
83603928,8304,0
83613928,18384,0
83623928,8448,0
83633928,18368,0
83643928,8608,0
83653928,17904,0
83663928,8384,0
83673928,18272,0
83683928,8672,0
83693928,18304,0
83703928,8800,0
83713928,18576,0
83723928,8880,0
83733928,18736,0
83743927,8992,0
83753928,19136,0
83763927,9312,0
83773927,19136,0
83783928,9360,0
83793927,19472,0
83803928,9792,0
83813927,19888,0
83823928,10208,0
83833928,19808,0
83843928,9168,0
83853928,19152,0
83863927,9136,0
83873928,19072,0
83883927,9040,0
83893927,18816,0
83903928,8896,0
83913928,18336,0
83923928,7520,0
83933927,20992,0
83943927,11504,0
83953927,20576,0
83963928,8640,0
83973928,16208,0
83983928,7616,0
83993927,18272,0
84003928,8336,0
84013928,18416,0
84023927,8656,0
84033928,18736,0
84043927,8240,0
84053927,17856,0
84063927,8064,0
84073928,17952,0
84083928,8128,0
84093927,18048,0
84103927,8208,0
84113928,18144,0
84123928,8384,0
84133928,18416,0
84143927,8704,0
84153928,18672,0
84163927,8896,0
84173927,18912,0
84183928,8608,0
84193928,18608,0
84203928,8704,0
84213927,18496,0
84223928,8160,0
84233928,17968,0
84243928,7680,0
84253928,17712,0
84263928,7568,0
84273928,17760,0
84283928,7584,0
84293928,17776,0
84303928,7520,0
84313927,17552,0
84323927,7648,0
84333928,17520,0
84343928,7952,0
84353928,18400,0
84363928,8272,0
84373928,17568,0
84383928,7472,0
84393927,17584,0
84403928,7360,0
84413928,17360,0
84423928,7680,0
84433927,17824,0
84443928,7648,0
84453927,18352,0
84463927,8128,0
84473928,18240,0
84483928,8032,0
84493928,18400,0
84503927,8288,0
84513928,18912,0
84523928,8608,0
84533928,18608,0
84543928,7984,0
84553928,18064,0
84563928,8144,0
84573928,18480,0
84583928,7968,0
84593928,17936,0
84603927,7664,0
84613927,16720,0
84623928,7888,0
84633927,23504,0
84643928,10704,0
84653928,20096,0
84663927,5936,0
84673927,16528,0
84683928,7360,0
84693927,17888,0
84703927,7520,0
84713928,17504,0
84723927,7680,0
84733927,18000,0
84743928,7744,0
84753928,17952,0
84763928,7744,0
84773927,18128,0
84783928,7824,0
84793927,18656,0
84803928,8672,0
84813928,19424,0
84823928,8768,0
84833928,19344,0
84843928,8720,0
84853927,18992,0
84863927,8192,0
84873927,18816,0
84883928,7808,0
84893927,18352,0
84903927,7664,0
84913927,18208,0
84923928,7936,0
84933928,18304,0
84943928,6944,0
84953928,17712,0
84963928,7248,0
84973928,18128,0
84983927,7792,0
84993927,18224,0
85003928,7088,0
85013928,18560,0
85023928,7744,0
85033928,18656,0
85043927,7104,0
85053928,17632,0
85063928,6752,0
85073928,17632,0
85083928,7376,0
85093928,18352,0
85103928,7584,0
85113928,17904,0
85123928,7264,0
85133928,18320,0
85143927,6768,0
85153927,17536,0
85163928,7424,0
85173928,18784,0
85183928,7344,0
85193928,18048,0
85203927,7120,0
85213928,18096,0
85223928,7472,0
85233928,17808,0
85243928,6944,0
85253928,18240,0
85263927,7184,0
85273928,18496,0
85283928,7536,0
85293927,18608,0
85303927,7504,0
85313928,17888,0
85323928,5888,0
85333928,21360,0
85343928,11872,0
85353927,20848,0
85363928,6816,0
85373928,16192,0
85383928,6672,0
85393928,18432,0
85403928,7584,0
85413928,19280,0
85423928,8016,0
85433927,19280,0
85443928,8016,0
85453927,18800,0
85463928,7584,0
85473928,18848,0
85483928,7104,0
85493928,19328,0
85503928,8032,0
85513927,19136,0
85523928,7600,0
85533928,18896,0
85543928,7312,0
85553928,18688,0
85563928,7248,0
85573928,19024,0
85583928,7600,0
85593928,18736,0
85603928,7280,0
85613928,18368,0
85623928,6960,0
85633927,18448,0
85643928,6976,0
85653928,18736,0
85663927,7072,0
85673928,18816,0
85683928,7488,0
85693927,18816,0
85703928,6960,0
85713928,17888,0
85723928,7056,0
85733928,18720,0
85743927,7360,0
85753927,19696,0
85763928,8000,0
85773927,19024,0
85783927,7504,0
85793927,19152,0
85803928,7248,0
85813928,18864,0
85823928,7360,0
85833927,18704,0
85843928,7040,0
85853928,18960,0
85863927,7280,0
85873927,19376,0
85883928,7376,0
85893927,19376,0
85903928,7760,0
85913927,19456,0
85923928,8272,0
85933928,20144,0
85943927,7024,0
85953928,17504,0
85963928,5840,0
85973928,17280,0
85983928,5920,0
85993928,17072,0
86003928,6320,0
86013928,17456,0
86023927,4400,0
86033928,17216,0
86043927,10768,0
86053928,20080,0
86063927,7184,0
86073928,15056,0
86083928,4672,0
86093928,17088,0
86103928,5952,0
86113927,17040,0
86123928,5616,0
86133927,17440,0
86143928,6064,0
86153927,17216,0
86163927,5968,0
86173928,17696,0
86183927,6768,0
86193928,18192,0
86203928,7424,0
86213927,18880,0
86223927,7152,0
86233928,18304,0
86243927,7056,0
86253928,18112,0
86263928,6976,0
86273928,18944,0
86283928,7680,0
86293928,18640,0
86303928,7920,0
86313927,18960,0
86323927,7520,0
86333928,19120,0
86343928,7856,0
86353927,18896,0
86363927,7408,0
86373928,18320,0
86383928,7328,0
86393927,18784,0
86403927,7104,0
86413928,18144,0
86423928,7424,0
86433928,18704,0
86443928,7568,0
86453928,19088,0
86463927,7776,0
86473927,18688,0
86483927,7600,0
86493928,18592,0
86503927,7280,0
86513928,18960,0
86523927,7488,0
86533928,19792,0
86543928,8544,0
86553927,20288,0
86563927,8592,0
86573928,19920,0
86583927,8656,0
86593927,20304,0
86603927,8416,0
86613928,20192,0
86623928,8784,0
86633927,19744,0
86643928,8736,0
86653928,20304,0
86663928,8576,0
86673927,19840,0
86683928,8576,0
86693928,19376,0
86703928,8032,0
86713928,19104,0
86723928,7776,0
86733928,19328,0
86743927,6608,0
86753928,18720,0
86763927,12928,0
86773928,22512,0
86783927,9856,0
86793928,17584,0
86803928,6240,0
86813927,18880,0
86823928,8240,0
86833927,19568,0
86843928,8096,0
86853928,20000,0
86863927,8544,0
86873928,20720,0
86883927,9248,0
86893928,20704,0
86903927,8848,0
86913927,20496,0
86923928,8560,0
86933928,19984,0
86943928,8096,0
86953928,19920,0
86963927,7920,0
86973928,19168,0
86983927,8192,0
86993928,19840,0
87003927,8256,0
87013927,19696,0
87023928,7952,0
87033928,20112,0
87043927,7760,0
87053928,18448,0
87063928,6864,0
87073928,18080,0
87083927,6496,0
87093927,18096,0
87103928,6832,0
87113927,17840,0
87123928,6448,0
87133927,18208,0
87143927,6672,0
87153927,18096,0
87163927,6976,0
87173928,18368,0
87183928,6784,0
87193927,18256,0
87203928,7120,0
87213928,18304,0
87223927,6832,0
87233927,18448,0
87243928,7088,0
87253928,18240,0
87263928,6720,0
87273928,17696,0
87283928,6448,0
87293928,18256,0
87303927,7392,0
87313928,19344,0
87323927,8128,0
87333928,18800,0
87343928,7008,0
87353927,18368,0
87363928,6992,0
87373928,19024,0
87383928,7568,0
87393928,19168,0
87403927,7648,0
87413927,19056,0
87423928,6144,0
87433927,18656,0
87443927,12528,0
87453927,22096,0
87463928,8736,0
87473927,16816,0
87483928,5504,0
87493927,18512,0
87503928,7296,0
87513927,19184,0
87523928,7632,0
87533927,19136,0
87543928,7424,0
87553927,19024,0
87563927,7792,0
87573927,19680,0
87583928,8224,0
87593928,19728,0
87603927,7984,0
87613927,20496,0
87623927,8432,0
87633928,21216,0
87643928,8720,0
87653928,21168,0
87663928,8704,0
87673928,20528,0
87683927,8752,0
87693927,20832,0
87703928,8400,0
87713928,20160,0
87723928,7504,0
87733928,19296,0
87743927,7216,0
87753927,19344,0
87763928,7440,0
87773928,18880,0
87783927,7200,0
87793927,19392,0
87803928,7056,0
87813928,19280,0
87823927,7024,0
87833928,18736,0
87843927,7024,0
87853928,19600,0
87863927,7120,0
87873928,19120,0
87883927,6672,0
87893928,18864,0
87903928,6352,0
87913928,18528,0
87923928,6560,0
87933928,18176,0
87943928,6320,0
87953927,18512,0
87963928,6896,0
87973927,18720,0
87983927,6640,0
87993927,18864,0
88003927,6416,0
88013928,18464,0
88023928,6208,0
88033927,18400,0
88043927,5680,0
88053927,17664,0
88063928,4848,0
88073927,15584,0
88083928,7888,0
88093927,21200,0
88103928,7632,0
88113927,16448,0
88123927,2832,0
88133928,15856,0
88143927,5184,0
88153928,17728,0
88163928,5984,0
88173927,17488,0
88183928,5648,0
88193928,17632,0
88203928,5648,0
88213927,17184,0
88223928,5792,0
88233927,18000,0
88243928,6432,0
88253928,19056,0
88263927,6608,0
88273928,19056,0
88283927,6560,0
88293928,18320,0
88303927,6496,0
88313927,19680,0
88323928,7296,0
88333928,20960,0
88343928,7904,0
88353928,19472,0
88363928,7424,0
88373928,19616,0
88383928,7072,0
88393927,18736,0
88403927,6576,0
88413928,19104,0
88423927,6640,0
88433927,17968,0
88443927,5824,0
88453928,17856,0
88463927,5920,0
88473928,18528,0
88483928,6512,0
88493928,19248,0
88503928,6976,0
88513927,18992,0
88523927,6240,0
88533928,18192,0
88543927,6048,0
88553928,18288,0
88563927,6256,0
88573928,18880,0
88583928,7184,0
88593928,19312,0
88603927,6608,0
88613928,19360,0
88623928,7216,0
88633928,19152,0
88643928,6528,0
88653928,18752,0
88663928,6976,0
88673928,18480,0
88683928,6288,0
88693927,18064,0
88703928,5712,0
88713928,17616,0
88723928,4560,0
88733927,17600,0
88743928,11040,0
88753927,21104,0
88763927,8240,0
88773928,17008,0
88783928,5056,0
88793928,18176,0
88803928,6640,0
88813927,18960,0
88823928,6848,0
88833928,19776,0
88843927,7280,0
88853928,19792,0
88863928,7840,0
88873927,20400,0
88883928,7680,0
88893928,19600,0
88903928,7776,0
88913928,20128,0
88923928,7936,0
88933928,20400,0
88943928,8192,0
88953928,20592,0
88963927,7904,0
88973927,20592,0
88983927,8320,0
88993928,20352,0
89003928,7744,0
89013928,19520,0
89023928,7504,0
89033928,19920,0
89043927,7424,0
89053928,20784,0
89063927,7408,0
89073928,18016,0
89083928,6400,0
89093927,18208,0
89103928,6368,0
89113928,18592,0
89123928,6896,0
89133928,19328,0
89143927,7376,0
89153928,19216,0
89163928,7040,0
89173928,18720,0
89183928,7008,0
89193927,18784,0
89203927,7392,0
89213928,19200,0
89223927,7232,0
89233928,19392,0
89243928,7136,0
89253928,19008,0
89263928,7408,0
89273928,19072,0
89283928,7216,0
89293928,19152,0
89303927,7552,0
89313927,19888,0
89323927,8320,0
89333928,20080,0
89343928,8000,0
89353927,19360,0
89363928,7472,0
89373928,19936,0
89383928,8000,0
89393928,19408,0
89403928,7328,0
89413927,18944,0
89423928,6592,0
89433928,17248,0
89443928,7216,0
89453928,23776,0
89463927,9808,0
89473927,19776,0
89483928,4560,0
89493928,17680,0
89503928,6880,0
89513928,19392,0
89523927,7408,0
89533927,18800,0
89543928,7056,0
89553928,19184,0
89563928,7424,0
89573927,19888,0
89583928,7328,0
89593927,19408,0
89603928,7600,0
89613928,19840,0
89623927,7600,0
89633927,19856,0
89643928,8032,0
89653927,20656,0
89663927,8624,0
89673928,21152,0
89683928,8432,0
89693928,20608,0
89703927,8160,0
89713927,19984,0
89723927,7616,0
89733928,18992,0
89743928,7664,0
89753927,19200,0
89763928,6640,0
89773928,19904,0
89783928,7696,0
89793928,19232,0
89803927,7264,0
89813927,20080,0
89823928,7776,0
89833928,19552,0
89843928,7760,0
89853928,20080,0
89863928,7632,0
89873927,19680,0
89883928,7392,0
89893928,18736,0
89903928,6800,0
89913928,18048,0
89923928,6848,0
89933927,18320,0
89943927,6320,0
89953928,18400,0
89963928,6688,0
89973927,19376,0
89983928,7568,0
89993928,20448,0
90003928,8480,0
90013928,21104,0
90023928,8128,0
90033927,20704,0
90043928,8048,0
90053927,20288,0
90063928,7968,0
90073928,21952,0
90083927,8896,0
90093928,20832,0
90103927,7776,0
90113928,20560,0
90123928,8080,0
90133928,20720,0
90143928,8048,0
90153928,20576,0
90163927,7936,0
90173927,22016,0
90183927,6336,0
90193928,20752,0
90203927,10800,0
90213928,21168,0
90223928,8336,0
90233928,16832,0
90243928,4800,0
90253928,18608,0
90263927,6704,0
90273927,19152,0
90283928,6320,0
90293927,18848,0
90303928,6400,0
90313928,18816,0
90323928,6720,0
90333928,18032,0
90343927,6320,0
90353928,18176,0
90363928,6224,0
90373927,18480,0
90383928,6544,0
90393928,19104,0
90403927,6912,0
90413928,18848,0
90423928,7056,0
90433928,19248,0
90443928,7152,0
90453928,19856,0
90463928,7056,0
90473927,18560,0
90483928,6480,0
90493928,18688,0
90503928,6368,0
90513928,18672,0
90523928,6480,0
90533928,18208,0
90543928,6160,0
90553928,18416,0
90563928,6112,0
90573928,18608,0
90583928,6624,0
90593928,18720,0
90603927,6528,0
90613928,18192,0
90623928,6144,0
90633928,17952,0
90643927,5872,0
90653927,17504,0
90663928,6096,0
90673928,18064,0
90683928,5936,0
90693928,17600,0
90703927,5808,0
90713927,17824,0
90723927,6480,0
90733927,18592,0
90743927,6416,0
90753928,18144,0
90763928,6544,0
90773927,18832,0
90783927,7184,0
90793928,19216,0
90803928,7136,0
90813927,18928,0
90823928,7120,0
90833927,18896,0
90843928,6704,0
90853928,18912,0
90863927,7264,0
90873928,19696,0
90883928,7840,0
90893928,19936,0
90903927,6592,0
90913927,20400,0
90923928,11248,0
90933927,22128,0
90943928,8768,0
90953928,17520,0
90963927,5904,0
90973927,19152,0
90983928,7200,0
90993927,19632,0
91003927,7312,0
91013927,19312,0
91023927,7520,0
91033928,19056,0
91043927,7104,0
91053928,19168,0
91063928,7376,0
91073928,19584,0
91083928,7312,0
91093928,18960,0
91103927,6976,0
91113928,18912,0
91123927,7312,0
91133928,19248,0
91143928,7776,0
91153927,20032,0
91163928,8400,0
91173928,20528,0
91183927,8064,0
91193928,19888,0
91203928,7600,0
91213928,19568,0
91223927,7392,0
91233928,19536,0
91243928,7680,0
91253928,19984,0
91263928,7440,0
91273928,19408,0
91283928,7328,0
91293928,19600,0
91303927,7552,0
91313927,19792,0
91323928,7440,0
91333928,20096,0
91343928,7920,0
91353927,20512,0
91363927,7952,0
91373928,20304,0
91383927,8160,0
91393927,20672,0
91403928,7936,0
91413928,19728,0
91423928,7040,0
91433928,19008,0
91443928,6640,0
91453928,18960,0
91463928,6592,0
91473927,18656,0
91483928,6400,0
91493927,18272,0
91503928,6208,0
91513928,18896,0
91523927,7440,0
91533927,20320,0
91543928,7776,0
91553928,19296,0
91563927,6576,0
91573928,19104,0
91583928,6896,0
91593928,20320,0
91603927,6944,0
91613928,18704,0
91623928,6816,0
91633927,17280,0
91643928,5808,0
91653928,22864,0
91663928,8960,0
91673928,21056,0
91683928,4560,0
91693927,16656,0
91703927,6176,0
91713928,18512,0
91723928,6080,0
91733927,18080,0
91743928,6544,0
91753928,18336,0
91763928,6560,0
91773928,18704,0
91783928,6352,0
91793928,18416,0
91803928,6576,0
91813928,18848,0
91823928,6880,0
91833927,18752,0
91843928,6784,0
91853928,18592,0
91863928,6880,0
91873927,18880,0
91883928,7072,0
91893928,18880,0
91903928,7184,0
91913927,18752,0
91923927,6496,0
91933927,18336,0
91943927,6224,0
91953928,17984,0
91963927,6144,0
91973928,17808,0
91983927,6080,0
91993928,18352,0
92003928,6608,0
92013928,18400,0
92023928,6736,0
92033927,18368,0
92043928,6848,0
92053927,18752,0
92063928,6928,0
92073928,18864,0
92083927,6848,0
92093928,18288,0
92103927,6768,0
92113927,18752,0
92123928,6880,0
92133928,18656,0
92143927,6992,0
92153928,18752,0
92163927,7040,0
92173928,18688,0
92183927,6480,0
92193927,17760,0
92203928,6320,0
92213928,17488,0
92223928,6128,0
92233928,18288,0
92243928,6512,0
92253927,18576,0
92263927,6864,0
92273928,18656,0
92283927,7120,0
92293928,19216,0
92303928,7712,0
92313927,19392,0
92323928,7408,0
92333928,19184,0
92343928,7056,0
92353928,19328,0
92363928,7232,0
92373927,18960,0
92383927,7264,0
92393927,18736,0
92403928,6320,0
92413927,18208,0
92423928,10624,0
92433927,22064,0
92443928,9680,0
92453927,18384,0
92463928,5488,0
92473928,19808,0
92483928,7520,0
92493928,19920,0
92503928,7952,0
92513927,20096,0
92523928,7968,0
92533927,20048,0
92543928,7696,0
92553927,19472,0
92563928,7216,0
92573927,19360,0
92583927,7648,0
92593927,19056,0
92603927,7760,0
92613928,19552,0
92623928,7792,0
92633928,19744,0
92643928,7904,0
92653927,19472,0
92663928,8240,0
92673928,20016,0
92683928,7920,0
92693928,19376,0
92703927,7584,0
92713927,19696,0
92723927,7440,0
92733928,19264,0
92743927,7104,0
92753928,18896,0
92763928,7136,0
92773928,18960,0
92783928,6816,0
92793928,18352,0
92803928,6624,0
92813928,18256,0
92823927,7088,0
92833928,18816,0
92843928,6976,0
92853928,18656,0
92863928,6960,0
92873927,19200,0
92883928,7328,0
92893927,18768,0
92903927,7088,0
92913928,19184,0
92923928,7280,0
92933928,20288,0
92943927,8336,0
92953928,21216,0
92963928,8768,0
92973928,21216,0
92983928,7952,0
92993927,20880,0
93003928,7696,0
93013927,18416,0
93023927,7056,0
93033928,18464,0
93043927,7104,0
93053928,18368,0
93063928,7216,0
93073927,18512,0
93083927,7088,0
93093928,18448,0
93103928,7552,0
93113927,19344,0
93123928,7520,0
93133927,18256,0
93143927,6688,0
93153928,18592,0
93163928,6608,0
93173927,18064,0
93183927,6576,0
93193928,17888,0
93203927,5552,0
93213928,20752,0
93223928,9664,0
93233928,21472,0
93243927,6464,0
93253928,16944,0
93263928,6912,0
93273927,19392,0
93283928,7488,0
93293927,20160,0
93303928,7600,0
93313928,19200,0
93323928,7264,0
93333928,19728,0
93343928,7552,0
93353928,19168,0
93363927,7456,0
93373928,20080,0
93383927,7488,0
93393927,20608,0
93403927,8272,0
93413927,20864,0
93423928,8336,0
93433927,20368,0
93443927,8032,0
93453928,20128,0
93463928,8192,0
93473928,20464,0
93483928,8176,0
93493928,20208,0
93503927,7552,0
93513928,19616,0
93523927,7520,0
93533928,20064,0
93543928,7024,0
93553928,19568,0
93563928,7200,0
93573928,19248,0
93583928,7088,0
93593928,19104,0
93603928,6432,0
93613927,18384,0
93623927,6848,0
93633928,18624,0
93643928,6304,0
93653928,18656,0
93663927,5808,0
93673928,17472,0
93683928,6512,0
93693928,19376,0
93703927,6160,0
93713928,17568,0
93723927,5600,0
93733928,16928,0
93743928,6000,0
93753928,18080,0
93763927,5760,0
93773928,18320,0
93783928,6720,0
93793927,18896,0
93803927,7360,0
93813928,19552,0
93823928,7328,0
93833928,19376,0
93843928,7376,0
93853927,19632,0
93863928,7600,0
93873928,19200,0
93883928,7088,0
93893928,18016,0
93903928,6576,0
93913928,18496,0
93923928,6704,0
93933928,18528,0
93943927,6352,0
93953928,18080,0
93963928,6240,0
93973928,17360,0
93983927,4768,0
93993927,18912,0
94003928,9568,0
94013927,18784,0
94023927,7024,0
94033927,14912,0
94043928,3856,0
94053927,17248,0
94063927,6208,0
94073927,18240,0
94083928,6768,0
94093928,18592,0
94103927,6608,0
94113928,19152,0
94123928,7376,0
94133928,19632,0
94143928,7648,0
94153928,19248,0
94163928,7488,0
94173928,18944,0
94183928,7072,0
94193928,18464,0
94203928,6960,0
94213928,18560,0
94223928,7536,0
94233927,19488,0
94243928,7504,0
94253928,18928,0
94263927,7712,0
94273928,19792,0
94283927,7232,0
94293928,18192,0
94303928,6864,0
94313928,18640,0
94323928,7664,0
94333928,19024,0
94343928,7248,0
94353927,18752,0
94363928,6640,0
94373928,18480,0
94383928,6896,0
94393928,18624,0
94403928,7024,0
94413928,18736,0
94423928,6912,0
94433928,18992,0
94443928,7472,0
94453928,18992,0
94463928,7328,0
94473928,19184,0
94483928,7920,0
94493927,19904,0
94503927,8000,0
94513928,19600,0
94523928,7680,0
94533928,19008,0
94543927,7440,0
94553928,19168,0
94563928,8128,0
94573927,19920,0
94583928,8352,0
94593927,20064,0
94603928,8000,0
94613928,19856,0
94623927,8128,0
94633928,19616,0
94643927,7824,0
94653928,20096,0
94663928,8032,0
94673927,20096,0
94683928,7936,0
94693927,19744,0
94703928,8288,0
94713927,19680,0
94723928,8048,0
94733928,23392,0
94743927,10080,0
94753927,21152,0
94763928,5904,0
94773928,17648,0
94783927,7600,0
94793927,19344,0
94803927,7504,0
94813928,18224,0
94823928,7216,0
94833928,19056,0
94843927,7760,0
94853927,19072,0
94863927,7904,0
94873928,19824,0
94883927,8208,0
94893928,19632,0
94903928,7568,0
94913927,19232,0
94923928,7600,0
94933928,19040,0
94943927,7952,0
94953927,19680,0
94963927,8336,0
94973928,20000,0
94983927,8048,0
94993927,18544,0
95003928,7312,0
95013927,18896,0
95023927,7392,0
95033927,18448,0
95043928,7136,0
95053928,18688,0
95063928,7376,0
95073927,18672,0
95083928,7600,0
95093928,19216,0
95103928,7264,0
95113928,18160,0
95123927,7264,0
95133928,19520,0
95143928,7568,0
95153928,19552,0
95163928,8192,0
95173928,19664,0
95183927,7792,0
95193928,19456,0
95203927,7616,0
95213928,19664,0
95223928,8272,0
95233927,20016,0
95243927,8096,0
95253927,19520,0
95263927,8624,0
95273927,22512,0
95283928,9552,0
95293928,20656,0
95303928,8112,0
95313928,18816,0
95323928,7920,0
95333928,20608,0
95343927,8656,0
95353927,20848,0
95363928,8288,0
95373927,19648,0
95383928,7536,0
95393927,19376,0
95403928,7760,0
95413928,20320,0
95423928,7456,0
95433927,18832,0
95443928,7264,0
95453927,20304,0
95463927,8320,0
95473927,19616,0
95483928,6688,0
95493928,23200,0
95503928,10256,0
95513928,22176,0
95523928,6336,0
95533928,17504,0
95543928,7328,0
95553927,20176,0
95563927,7904,0
95573928,19728,0
95583928,7792,0
95593928,19984,0
95603928,7616,0
95613928,20080,0
95623927,7632,0
95633928,19856,0
95643928,8176,0
95653928,21440,0
95663928,8592,0
95673928,21456,0
95683927,8272,0
95693927,20512,0
95703927,7904,0
95713927,21024,0
95723928,8688,0
95733928,21216,0
95743927,8064,0
95753928,20096,0
95763928,7952,0
95773928,20048,0
95783928,6912,0
95793927,18304,0
95803928,5536,0
95813928,17504,0
95823927,5008,0
95833927,16064,0
95843927,4768,0
95853927,16448,0
95863928,6096,0
95873927,19088,0
95883928,7808,0
95893928,21920,0
95903927,7872,0
95913928,19248,0
95923927,6464,0
95933928,18640,0
95943928,6832,0
95953928,18736,0
95963928,5952,0
95973927,17600,0
95983927,5760,0
95993928,17584,0
96003928,6416,0
96013928,17888,0
96023927,6112,0
96033927,18480,0
96043927,6672,0
96053928,18224,0
96063927,6704,0
96073927,18752,0
96083927,6880,0
96093927,18464,0
96103928,6896,0
96113928,18880,0
96123927,6992,0
96133928,18912,0
96143927,7552,0
96153928,19408,0
96163927,7104,0
96173928,18128,0
96183928,6576,0
96193927,18544,0
96203928,6000,0
96213927,18368,0
96223927,7200,0
96233928,19536,0
96243928,6160,0
96253928,17328,0
96263927,9408,0
96273927,21792,0
96283928,9040,0
96293928,18400,0
96303928,4528,0
96313928,18512,0
96323927,6608,0
96333927,18640,0
96343928,6112,0
96353928,18192,0
96363928,6688,0
96373927,18720,0
96383928,6288,0
96393928,18432,0
96403928,6128,0
96413928,18016,0
96423928,6736,0
96433927,18144,0
96443928,6368,0
96453928,18464,0
96463928,7008,0
96473928,18688,0
96483927,6960,0
96493928,19040,0
96503928,7024,0
96513928,18784,0
96523928,7152,0
96533927,18688,0
96543928,6640,0
96553928,17760,0
96563928,6176,0
96573928,17520,0
96583928,6064,0
96593928,17456,0
96603928,6208,0
96613928,18416,0
96623928,6816,0
96633927,20480,0
96643928,7728,0
96653928,20768,0
96663928,8256,0
96673927,21104,0
96683928,8672,0
96693928,21584,0
96703928,8096,0
96713928,21312,0
96723928,8384,0
96733928,21264,0
96743928,8112,0
96753927,20240,0
96763928,7024,0
96773927,19344,0
96783927,7632,0
96793927,19792,0
96803928,7424,0
96813928,19632,0
96823927,7296,0
96833927,20736,0
96843928,7920,0
96853928,19904,0
96863927,7136,0
96873928,20480,0
96883927,7552,0
96893927,20416,0
96903928,7232,0
96913927,20128,0
96923928,7760,0
96933927,20640,0
96943928,7616,0
96953928,20096,0
96963927,6864,0
96973928,19696,0
96983928,6160,0
96993928,17680,0
97003927,6112,0
97013928,18944,0
97023928,6720,0
97033928,19120,0
97043927,5200,0
97053928,17360,0
97063928,8272,0
97073928,19472,0
97083928,7840,0
97093928,17648,0
97103928,3712,0
97113928,18800,0
97123927,6400,0
97133928,17440,0
97143927,5504,0
97153928,17536,0
97163928,5568,0
97173927,17344,0
97183928,5584,0
97193928,16496,0
97203928,5456,0
97213928,17680,0
97223928,6496,0
97233927,18816,0
97243928,6208,0
97253927,20048,0
97263928,8288,0
97273928,21312,0
97283927,7696,0
97293928,20176,0
97303927,7504,0
97313928,20096,0
97323927,7056,0
97333928,17648,0
97343928,6928,0
97353928,19296,0
97363927,7344,0
97373927,19072,0
97383928,5696,0
97393927,17232,0
97403928,5968,0
97413927,16656,0
97423928,5056,0
97433927,17136,0
97443928,5376,0
97453928,16272,0
97463927,5808,0
97473928,17024,0
97483928,5552,0
97493928,16896,0
97503928,6576,0
97513927,18400,0
97523927,6736,0
97533928,17904,0
97543927,6256,0
97553927,17408,0
97563927,6544,0
97573928,17744,0
97583928,6592,0
97593928,18448,0
97603927,6576,0
97613927,16960,0
97623927,6464,0
97633927,16896,0
97643928,6256,0
97653928,17680,0
97663928,7376,0
97673928,19840,0
97683928,8976,0
97693927,20080,0
97703928,7968,0
97713927,17968,0
97723928,6128,0
97733928,17696,0
97743927,6400,0
97753927,18544,0
97763927,7008,0
97773928,18736,0
97783928,6688,0
97793927,16912,0
97803927,8624,0
97813928,21888,0
97823927,8752,0
97833928,17568,0
97843927,3600,0
97853928,15712,0
97863928,5568,0
97873928,16192,0
97883928,5936,0
97893927,16480,0
97903928,6704,0
97913928,17808,0
97923927,8112,0
97933928,17136,0
97943928,6464,0
97953927,16080,0
97963928,7024,0
97973928,17200,0
97983928,7168,0
97993928,17504,0
98003927,7856,0
98013928,19040,0
98023928,8288,0
98033927,18720,0
98043928,8352,0
98053927,19024,0
98063928,8368,0
98073928,18320,0
98083928,7968,0
98093928,18336,0
98103928,7632,0
98113928,18176,0
98123928,8000,0
98133928,18240,0
98143928,7840,0
98153927,19056,0
98163928,8800,0
98173927,20128,0
98183928,8560,0
98193928,20128,0
98203927,8320,0
98213928,19456,0
98223928,8576,0
98233928,19664,0
98243927,8512,0
98253928,19552,0
98263928,8352,0
98273928,19296,0
98283927,7408,0
98293927,17664,0
98303927,7168,0
98313927,16928,0
98323928,6960,0
98333928,17376,0
98343927,7184,0
98353928,17568,0
98363928,7488,0
98373928,18656,0
98383928,8272,0
98393928,19168,0
98403928,9232,0
98413928,20272,0
98423928,8880,0
98433928,18944,0
98443927,7968,0
98453927,18848,0
98463928,8432,0
98473928,19936,0
98483927,8416,0
98493928,18928,0
98503928,8432,0
98513928,17632,0
